{"cameraMode":{"drawMode":0,"name":"Shaded","section":"Shading Mode"},"sceneLighting":true,"audioPlay":false,"sceneViewState":{"m_AlwaysRefresh":false,"showFog":true,"showSkybox":true,"showFlares":true,"showImageEffects":true,"showParticleSystems":true,"showVisualEffectGraphs":true,"m_FxEnabled":true},"in2DMode":false,"pivot":{"x":1.8082047700881959,"y":-0.3339735269546509,"z":-0.6201037168502808},"rotation":{"x":0.45160093903541567,"y":-0.16295850276947022,"z":0.08427628874778748,"w":0.8731673359870911},"size":3.302013397216797,"orthographic":false}