{"cameraMode":{"drawMode":0,"name":"Shaded","section":"Shading Mode"},"sceneLighting":true,"audioPlay":false,"sceneViewState":{"m_AlwaysRefresh":false,"showFog":true,"showSkybox":true,"showFlares":true,"showImageEffects":true,"showParticleSystems":true,"showVisualEffectGraphs":true,"m_FxEnabled":true},"in2DMode":false,"pivot":{"x":-0.008162379264831543,"y":1.5613032579421998,"z":-0.5783205032348633},"rotation":{"x":0.07179229706525803,"y":-0.9076645374298096,"z":0.17362192273139954,"w":0.3753233850002289},"size":1.5198354721069337,"orthographic":false}