{"cameraMode":{"drawMode":0,"name":"Shaded","section":"Shading Mode"},"sceneLighting":true,"audioPlay":false,"sceneViewState":{"m_AlwaysRefresh":false,"showFog":true,"showSkybox":true,"showFlares":true,"showImageEffects":true,"showParticleSystems":true,"showVisualEffectGraphs":true,"m_FxEnabled":true},"in2DMode":false,"pivot":{"x":-1.3190332651138306,"y":2.15442156791687,"z":0.7980476021766663},"rotation":{"x":-0.004225374665111303,"y":0.9951269626617432,"z":-0.08529132604598999,"w":-0.049299031496047977},"size":3.0018506050109865,"orthographic":false}